Rubro;Nombre;Costo;Pre.;Ganancia;Pre pack;Ganancia pack.;01/01/2001;01/02/2001;01/03/2001;01/04/2001;Precio pack;01/05/2001;02/05/2001;03/05/2001;04/05/2001;01/01/2001;01/02/2001;01/03/2001;01/04/2001;Codigo pack;Cant. pack;Stock Minimo;Cod.;Stock;Mod.
SORBETES;###############################################################################################################################################################################################################################################################;400;1000;150;650;62,5;30;40;20;0;650;520;560;480;400;520;560;480;400;187000;1;5;2005;3;14/02/2024
PLATOS POTES CUBIERTOS;AGITADORES CAFE X 1000 UNID.;4170;8800;111,03;6700;60,67;29,98;40,29;20;0;6700;5420;5850;5004;4170;5420;5850;5004;4170;118000;1;5;1170;1;14/02/2024
PLATOS POTES CUBIERTOS;AGITADORES T.LARGO X100;2050;4500;119,51;3300;60,98;29,27;41,46;20;0;3300;2650;2900;2460;2050;2650;2900;2460;2050;117000;1;50;117;0;14/02/2024
FILM ALUMINIO FOLEX;ALUMINIO FAMILIAR X 5 MTS;558;1500;168,82;900;61,29;30;43,37;20;0;900;725;800;670;558;725;800;670;558;57000;1;50;1140;280;14/02/2024
FILM ALUMINIO FOLEX;ALUMINIO X 1KG;5345;11500;115,15;8600;60,9;30,03;39,94;20;0;8600;6950;7480;6414;5345;6950;7480;6414;5345;56000;1;50;1141;215;14/02/2024
BANDEJAS CARTÖN;01/04/2001;297;630;112,12;4800;61,62;29,63;39,73;20;0;480;385;415;356;297;3850;4150;3564;2970;207000;10;100;1029;17;14/02/2024
BANDEJAS CARTÖN;01/05/2001;460;970;110,87;7400;60,87;30,43;40,22;20;0;740;600;645;552;460;6000;6450;5520;4600;208000;10;100;1030;9;14/02/2024
BANDEJAS CARTÖN;01/03/2001;213;450;111,27;3400;59,62;29,11;40;20;0;340;275;298;256;213;2750;2982;2556;2130;206000;10;100;1031;24;14/02/2024
TERGOPOL;###############################################################################################################################################################################################################################################################;75;180;140;12000;60;33,33;46,67;20;0;120;100;110;90;75;10000;11000;9000;7500;80000;100;100;1056;298;14/02/2024
BANDEJAS TERGOPOL;###############################################################################################################################################################################################################################################################;32;70;118,75;5000;56,25;25;40;20;0;50;40;45;38;32;4000;4480;3840;3200;81000;100;100;1057;0;14/02/2024
BANDEJAS TERGOPOL;###############################################################################################################################################################################################################################################################;51;110;115,69;8500;66,67;27,45;37,25;20;0;85;65;70;61;51;6500;7000;6120;5100;82000;100;100;1058;299;14/02/2024
BANDEJAS TERGOPOL;###############################################################################################################################################################################################################################################################;76;160;110;13000;71,05;31,58;38,16;20;0;130;100;105;91;76;10000;10500;9120;7600;83000;100;100;1059;0;14/02/2024
BANDEJAS TERGOPOL;###############################################################################################################################################################################################################################################################;105;220;109,52;17000;61,9;28,57;42,86;20;0;170;135;150;126;105;13500;15000;12600;10500;84000;100;100;1060;1098;14/02/2024
BANDEJAS TERGOPOL;###############################################################################################################################################################################################################################################################;154;320;107,79;25000;62,34;30;39,61;20;0;250;200;215;185;154;20020;21500;18480;15400;85000;100;100;1061;0;26/02/2024
BANDEJAS CARTÖN;BANDE CARTON BCA N 13;24;50;110;4000;66,67;25;45,83;25;0;40;30;35;30;24;3000;3500;3000;2400;79000;100;100;1032;28;14/02/2024
BANDEJAS CARTÖN;BANDE CARTON BCA N 15;40;90;125;3250;62,5;37,5;50;25;0;65;55;60;50;40;2750;3000;2500;2000;240000;50;100;1033;38;14/02/2024
BANDEJAS ALUMINIO;BANDEJA ALUMINIO F100;115;250;117,39;18500;60,87;30;39,13;20;0;185;150;160;138;115;14950;16000;13800;11500;89000;100;100;1001;1392;17/02/2024
BANDEJAS ALUMINIO;BANDEJA ALUMINIO P 21;72;150;108,33;11520;60;31,94;38,89;20;0;115;95;100;86;72;9500;10000;8640;7200;305000;100;100;1002;52;14/02/2024
BANDEJAS ALUMINIO;BANDEJA ALUMINIO P30;155;325;109,68;250;61,29;29,03;41,94;20;0;250;200;220;186;155;200;220;186;155;158000;1;50;1003;684;17/02/2024
BANDEJAS CARTÖN;01/02/2001;9;19;110;1440;60;33,33;40;20;0;14;12;13;11;9;1200;1260;1080;900;76000;100;10000;1034;7350;14/02/2024
BANDEJAS DPM;BANDEJAS 101 PP COTNYL;55;120;118,18;9000;63,64;36,36;45,45;20;0;90;75;80;66;55;7500;8000;6600;5500;70000;100;5000;1049;3777;14/02/2024
BANDEJAS DPM;BANDEJAS 102 COTNYL;52;110;111,54;8500;63,46;34,62;44,23;20;0;85;70;75;62;52;7000;7500;6240;5200;306000;100;100;306;0;20/02/2024
BANDEJAS DPM;BANDEJAS 102 PP;35;75;114,29;6000;71,43;28,57;42,86;20;0;60;45;50;42;35;4500;5000;4200;3500;66000;100;1000;1050;0;20/02/2024
BANDEJAS DPM;BANDEJAS 103 PP;53;110;107,55;8480;60;32,08;41,51;20;0;85;70;75;64;53;7000;7500;6360;5300;67000;100;20000;1051;6589;14/02/2024
BANDEJAS C/TAPAS MICRO;BANDEJAS 103 PP COTNYL;58;125;115,52;9500;63,79;30;37,93;20;0;95;75;80;70;58;7540;8000;6960;5800;292000;100;100;1004;286;14/02/2024
BANDEJAS DPM;BANDEJAS 103 PP LIVIANA;30;65;116,67;5000;66,67;33,33;50;20;0;50;40;45;36;30;4000;4500;3600;3000;5252;100;500;1005;0;14/02/2024
BANDEJAS DPM;BANDEJAS 105 PP;68;140;105,88;11000;61,76;25;40;20;0;110;85;95;82;68;8500;9520;8160;6800;68000;100;10000;1052;27189;14/02/2024
BANDEJAS ALUMINIO;BANDEJAS 105 PP LIVIANA;35;80;128,57;5500;57,14;28,57;40;20;0;55;45;49;42;35;4500;4900;4200;3500;5253;100;1000;1006;0;14/02/2024
BANDEJAS C/TAPAS MICRO;BANDEJAS 105 REC. PP COTNYL;104;220;111,54;17000;63,46;30;44,23;20;0;170;135;150;125;104;13520;15000;12480;10400;73000;100;100;1026;341;14/02/2024
BANDEJAS DPM;BANDEJAS 107 PP;119;250;110,08;19040;60;30;42,86;20;0;190;155;170;143;119;15470;17000;14280;11900;69000;100;1000;1053;10750;14/02/2024
FILM ALUMINIO FOLEX;BANDEJAS ALUMINIO F200;237;500;110,97;400;68,78;30,8;47,68;20;0;400;310;350;284;237;310;350;284;237;2059000;1;100;2059;279;13/02/2024
BANDEJAS ALUMINIO;BANDEJAS ALUMINIO F50;75;160;113,33;6000;60;33,33;40;20;0;120;100;105;90;75;5000;5250;4500;3750;268000;50;100;1054;416;14/02/2024
BANDEJAS ALUMINIO;BANDEJAS ALUMINIO P12;66;140;112,12;1155;75;25;43,94;20;0;116;83;95;79;66;825;950;792;660;269000;10;100;1055;0;27/02/2024
BANDEJAS ALUMINIO;BANDEJAS ALUMINIO P15;45;95;110;3750;66,67;33,33;33,33;20;0;75;60;60;54;45;3000;3000;2700;2250;270000;50;100;1007;0;14/02/2024
BANDEJAS ALUMINIO;BANDEJAS ALUMINIO P26;107;224,7;110;25800;60,75;26,17;40,19;20,56;10;172;135;150;129;117,7;20250;22500;19350;17655;2084000;150;100;2084;1500;27/02/2024
BANDEJAS ALUMINIO;BANDEJAS ALUMINIO P28;108;225;108,33;8750;62,04;30;38,89;20;0;175;140;150;130;108;7020;7500;6480;5400;201000;50;100;1008;2;14/02/2024
BANDEJAS CARTÖN;01/01/2001;7;15;110;1120;60;28,57;40;20;0;11;9;10;8;7;900;980;840;700;75000;100;10000;1035;7734;14/02/2024
BANDEJAS CARTÖN;01/03/2001;11;23;110;1760;60;36,36;40;20;0;18;15;15;13;11;1500;1540;1320;1100;77000;100;5000;1036;9150;14/02/2024
BANDEJAS CARTÖN;01/04/2001;14;30;114,29;2240;60;42,86;40;20;0;22;20;20;17;14;2000;1960;1680;1400;78000;100;100;1037;0;14/02/2024
BANDEJAS CARTÖN;01/05/2001;16;40;150;2500;56,25;25;40;20;0;25;20;22;19;16;2000;2240;1920;1600;288000;100;100;1038;0;14/02/2024
BANDEJAS CARTÖN;01/12/2001;19;40;110;1520;60;30;40;20;0;30;25;27;23;19;1235;1330;1140;950;238000;50;500;1039;300;14/02/2024
BANDEJAS CARTÖN;BANDEJAS CARTON REDONDA N 14;36;80;122,22;3000;66,67;30;40;20;0;60;47;50;43;36;2340;2520;2160;1800;239000;50;100;1040;300;14/02/2024
BANDEJAS ALUMINIO;###############################################################################################################################################################################################################################################################;120;255;112,5;19500;62,5;29,17;41,67;20;0;195;155;170;144;120;15500;17000;14400;12000;312000;100;100;312;195;14/02/2024
SORBETES;BENGALAS;300;700;133,33;500;66,67;30;40;20;0;500;390;420;360;300;390;420;360;300;189000;1;10;1009;8;14/02/2024
BOLSAS BOBINA;BOB ARRANQ. 35X45X1,2KG;3350;7050;110,45;5350;59,7;30;40,3;20;0;5350;4355;4700;4020;3350;4355;4700;4020;3350;157000;1;50;1064;10;14/02/2024
BOLSAS BOBINA;BOB. ARRANQ. 20X30X1,2KG;3350;7050;110,45;5350;59,7;30;40,3;20;0;5350;4355;4700;4020;3350;4355;4700;4020;3350;34000;1;50;1065;74;14/02/2024
BOLSAS BOBINA;BOB. ARRANQ. 25X35 1,2KG;3350;7050;110,45;5350;59,7;30;40,3;20;0;5350;4355;4700;4020;3350;4355;4700;4020;3350;35000;1;50;1066;228;14/02/2024
BOLSAS BOBINA;BOB. ARRANQ. 30X40X1,2KG;3350;7050;110,45;5350;59,7;30;40,3;20;0;5350;4355;4700;4020;3350;4355;4700;4020;3350;36000;1;50;1067;10;14/02/2024
BOLSAS BOBINA;BOB. ARRANQ. 50X701,2KG;3350;7050;110,45;5350;59,7;30;40,3;20;0;5350;4355;4700;4020;3350;4355;4700;4020;3350;38000;1;100;1068;174;14/02/2024
BOLSAS BOBINA;BOB. ARRANQUE 60X90X1,2KG;3350;7050;110,45;5350;59,7;30;40,3;20;0;5350;4355;4700;4020;3350;4355;4700;4020;3350;230000;1;20;1069;0;14/02/2024
TOALLAS HIGIENICOS PAPEL INDUST;BOB. INDUSTRIAL KING PACK X 25cmX400mts Bca;7396;16400;121,74;23700;60,22;30,07;39,94;20;0;11850;9620;10350;8875;7396;19240;20700;17750;14792;15000;2;50;2012;54;22/02/2024
PAPELES;BOB. PAPEL GRIS X 60CM (12,500)KG;11000;22500;104,55;17600;60;30;40,91;20;0;17600;14300;15500;13200;11000;14300;15500;13200;11000;265000;1;5;1159;0;14/02/2024
BOLSAS BOBINA;BOB.ARRANQ 40X60X1,2 KG;3350;7050;110,45;5350;59,7;30;40,3;20;0;5350;4355;4700;4020;3350;4355;4700;4020;3350;37000;1;50;1070;39;14/02/2024
BOLSAS BOBINA;BOBINA 15X20X400GR;1200;2500;108,33;2000;66,67;33,33;41,67;20;0;2000;1600;1700;1440;1200;1600;1700;1440;1200;2085000;1;50;2085;254;29/02/2024
BOLSAS BOBINA;BOBINA 15X25X400GR;1200;2500;108,33;2000;66,67;33,33;41,67;20;0;2000;1600;1700;1440;1200;1600;1700;1440;1200;32000;1;50;1071;316;29/02/2024
PAPELES;BOBINA DE PAPEL GRIS X 40 CM (8.500 KG) x 40cm;10200;20000;96,08;16300;59,8;30,01;40,2;20;0;16300;13261;14300;12240;10200;13261;14300;12240;10200;159000;1;20;1160;49;02/03/2024
PAPELES;BOBINA PAPEL GRIS X 20 CM X 3.500KG;4200;8850;110,71;6800;61,9;29,87;40,48;20;0;6800;5455;5900;5040;4200;5455;5900;5040;4200;227000;1;10;1161;8;02/03/2024
PAPELES;BOBINA X 40 CM PAPEL PANADERIA X (4.500)KG;11038;23000;108,37;17800;61,26;30,01;39,97;20;0;17800;14351;15450;13246;11038;14351;15450;13246;11038;2057000;1;100;2057;3;14/02/2024
PAPELES;BOBINA X 60 CM PAPEL PANADERIA X (6.500) KG;15942;32000;100,73;25600;60,58;60;40;30;20;25600;25507;22319;20725;19130;25507;22319;20725;19130;2061000;1;10;2061;8;14/02/2024
RESIDUOS CONSORCIOS;BOLSA DE HORNO X 10 UNID.;550;1200;118,18;900;63,64;30,91;40;20;0;900;720;770;660;550;720;770;660;550;49000;1;100;1190;7;14/02/2024
BOLSAS CAMISETAS;BOLSAS CAM 50X60 BCASX100;1738;3650;110;2300;32,34;30;38,09;20;0;2300;2259;2400;2086;1738;2259;2400;2086;1738;153000;1;100;1074;180;16/02/2024
BOLSAS CAMISETAS;BOLSAS CAM. 30X40 BCASX100;648;1300;100,62;1100;69,75;30;38,89;20;0;1100;842;900;778;648;842;900;778;648;39000;1;100;1075;1460;13/02/2024
BOLSAS CAMISETAS;BOLSAS CAM. 40X50 BCASX100;974;1900;95,07;1560;60,16;29,36;40,66;20;0;1560;1260;1370;1169;974;1260;1370;1169;974;40000;1;300;1078;1423;14/02/2024
BOLSAS CAMISETAS;BOLSAS CAM. 40X50 REF BCAS X100 F.AZUL;1044;2200;110,73;1700;62,84;30,27;39,85;20;0;1700;1360;1460;1253;1044;1360;1460;1253;1044;42000;1;100;1076;69;14/02/2024
BOLSAS CAMISETAS;BOLSAS CAM. 50X70 BCAS X100;2321;4800;106,81;3800;63,72;30,12;42,18;20;0;3800;3020;3300;2785;2321;3020;3300;2785;2321;162000;1;100;1077;68;14/02/2024
BOLSAS CAMISETAS;BOLSAS CAM. 60X80 BCASX100;4173;8800;110,88;6650;59,36;30;41,39;20,06;0;6650;5425;5900;5010;4173;5425;5900;5010;4173;45000;1;10;1080;5;14/02/2024
BOLSAS CAMISETAS;BOLSAS CAMISETAS 45X60 REF X 100;1685;3700;119,58;2700;60,24;29,97;40,06;20;0;2700;2190;2360;2022;1685;2190;2360;2022;1685;313000;1;50;1081;284;14/02/2024
BOLSAS CAMISETAS;BOLSAS CAMISETAS NEGRAS 40X50X100;700;1500;114,29;1150;64,29;30;42,86;20;0;1150;910;1000;840;700;910;1000;840;700;150000;1;10;1082;0;14/02/2024
RESIDUOS CONSORCIOS;BOLSAS CONS. 60X90 REF X10 UNID.;600;1500;150;1000;66,67;33,33;41,67;20;0;1000;800;850;720;600;800;850;720;600;48000;1;1000;1191;310;14/02/2024
RESIDUOS CONSORCIOS;BOLSAS CONS. 80X1,10 REF X 10 UNID.;930;2200;136,56;1500;61,29;29,03;40;20;0;1500;1200;1302;1116;930;1200;1302;1116;930;50000;1;1000;1192;771;16/02/2024
RESIDUOS CONSORCIOS;BOLSAS CONS. 80X1,10 S.REF X10 UNID.;1300;2800;115,38;2100;61,54;30,77;42,31;20;0;2100;1700;1850;1560;1300;1700;1850;1560;1300;51000;1;1000;1193;307;16/02/2024
BOLSAS PP VARIAS;BOLSAS CUBIERTOS PP 5X25;300;700;133,33;500;66,67;30;40;20;0;500;390;420;360;300;390;420;360;300;271000;1;50;1083;0;14/02/2024
BOLSAS PAPEL CON MANIJA KP;BOLSAS DELIVERY 20X30 FM5;27;45;66,67;2093;55;30;40;20;0;42;35;38;32;27;1755;1890;1620;1350;129000;50;100;1099;0;13/02/2024
BOLSAS PAPEL CON MANIJA KP;BOLSAS DELIVERY 26X37 FM9;40;70;75;3100;55;60;40;20;0;62;64;56;48;40;3200;2800;2400;2000;130000;50;100;1100;0;13/02/2024
BOLSAS DILIVERY-INDIVIDUELES;BOLSAS DELIVERY 26X38 F10;46;80;73,91;3500;52,17;30;41,3;20;0;70;60;65;55;46;2990;3250;2760;2300;131000;50;50;131;0;13/02/2024
BOLSAS BOBINA;BOLSAS EMBLOCADAS 15X25X100;332;700;110,84;550;65,66;30;41,57;20;0;550;432;470;398;332;432;470;398;332;199000;1;100;1102;0;14/02/2024
BOLSAS BOBINA;BOLSAS EMBLOCADAS 20X30X100;378;800;111,64;600;58,73;29,63;40,21;20;0;600;490;530;454;378;490;530;454;378;148000;1;50;1085;15;14/02/2024
BOLSAS BOBINA;BOLSAS EMBLOCADAS 25X35X100;535;1130;111,21;850;58,88;30,84;40,19;20;0;850;700;750;642;535;700;750;642;535;200000;1;50;1101;30;14/02/2024
BOLSAS CAMISETAS;BOLSAS EMBLOCADAS 30X40X100;732;1550;111,75;1200;63,93;30,46;43,44;20;0;1200;955;1050;878;732;955;1050;878;732;256000;1;100;1084;26;14/02/2024
BOLSAS CAMISETAS;BOLSAS EMBLOCADAS 35X45X100;943;2000;112,09;1500;59,07;29,9;43,16;20;0;1500;1225;1350;1132;943;1225;1350;1132;943;255000;1;100;1086;0;14/02/2024
BOLSAS CAMISETAS;BOLSAS EMBLOCADAS 40X60X100;1260;2700;114,29;2100;66,67;30,95;40,48;20;0;2100;1650;1770;1512;1260;1650;1770;1512;1260;304000;1;50;1087;26;14/02/2024
BOLSAS PAPEL CON MANIJA KP;01/02/2001;113;250;121,24;200;76,99;28,32;41,59;30;0;200;145;160;147;113;145;160;147;113;217000;1;50;1010;10;14/02/2024
BOLSAS PAPEL CON MANIJA KP;01/03/2001;130;280;115,38;210;61,54;30,77;42,31;20;0;210;170;185;156;130;170;185;156;130;218000;1;50;1011;0;14/02/2024
BANDEJAS ALUMINIO;01/05/2001;160;335;109,38;12750;59,38;31,25;43,75;20;0;255;210;230;192;160;10500;11500;9600;8000;219000;50;50;1012;2;14/02/2024
BOLSAS PAPEL CON MANIJA KP;01/07/2001;100;210;110;160;60;30;40;20;0;160;130;140;120;100;130;140;120;100;220000;1;50;1103;0;14/02/2024
BOLSAS PAPEL CON MANIJA KP;BOLSAS PAPEL KP P/1VINO;120;250;108,33;200;66,67;29,17;40;20;0;200;155;168;144;120;155;168;144;120;215000;1;50;1104;200;14/02/2024
BOLSAS PAPEL CON MANIJA KP;BOLSAS PAPEL KP P/2VINOS;90;200;122,22;150;66,67;27,78;44,44;20;0;150;115;130;108;90;115;130;108;90;216000;1;50;1105;0;14/02/2024
BOLSAS PAPEL PANADERËA;BOLSAS PAPEL N 1 X100;500;1100;120;800;60;30;40;20;0;800;650;700;600;500;650;700;600;500;165000;1;20;1109;0;14/02/2024
BOLSAS PAPEL PANADERËA;BOLSAS PAPEL N 2 X100;732;1550;111,75;1200;63,93;59,84;50,27;29,78;25;1200;1170;1100;950;915;1170;1100;950;915;122000;1;20;1110;8;14/02/2024
BOLSAS PAPEL PANADERËA;BOLSAS PAPEL N 3 X 100;978;2100;114,72;1550;58,49;29,86;40,08;20;0;1550;1270;1370;1174;978;1270;1370;1174;978;123000;1;50;1111;52;14/02/2024
BOLSAS PAPEL PANADERËA;BOLSAS PAPEL N 4 X100;1173;2500;113,13;1900;61,98;29,58;40,66;20;0;1900;1520;1650;1408;1173;1520;1650;1408;1173;124000;1;50;1112;3;21/02/2024
BOLSAS PAPEL PANADERËA;BOLSAS PAPEL N 5 X100;1334;2800;109,9;2150;61,17;30;40,93;19,94;0;2150;1734;1880;1600;1334;1734;1880;1600;1334;125000;1;20;1113;1;14/02/2024
BOLSAS PAPEL PANADERËA;BOLSAS PAPEL N 6 X100;1572;3300;109,92;2500;59,03;30,09;39,95;20;0;2500;2045;2200;1886;1572;2045;2200;1886;1572;126000;1;20;1114;5;14/02/2024
BOLSAS PAPEL PANADERËA;BOLSAS PAPEL N 7 X100;2030;4300;111,82;3300;62,56;30,05;40,39;20;0;3300;2640;2850;2436;2030;2640;2850;2436;2030;127000;1;50;1115;8;21/02/2024
BOLSAS PAPEL PANADERËA;BOLSAS PAPEL N 8 X 100;2427;5100;110,14;3900;60,69;30,2;40,09;20,11;0;3900;3160;3400;2915;2427;3160;3400;2915;2427;250000;1;50;1116;17;14/02/2024
BOLSAS PP VARIAS;BOLSAS PP 10X15X100;596;1250;109,73;950;59,4;30,87;42,62;20;0;950;780;850;715;596;780;850;715;596;297000;1;10;1088;0;14/02/2024
BOLSAS PP VARIAS;BOLSAS PP 10X20X100;700;1470;110;1120;60;28,57;42,86;20;0;1120;900;1000;840;700;900;1000;840;700;279000;1;10;1089;0;14/02/2024
BOLSAS PP VARIAS;BOLSAS PP 12,5X24 (CD);1030;2170;110,68;1650;60,19;31,07;40;20;0;1650;1350;1442;1236;1030;1350;1442;1236;1030;295000;1;10;1090;2;14/02/2024
BOLSAS PP VARIAS;BOLSAS PP 12X24X100;1015;2150;111,82;1650;62,56;30;39,9;20;0;1650;1320;1420;1218;1015;1320;1420;1218;1015;296000;1;10;1091;0;14/02/2024
BOLSAS PP VARIAS;BOLSAS PP 15X20X100;1100;2310;110;1760;60;30;40;20;0;1760;1430;1540;1320;1100;1430;1540;1320;1100;280000;1;10;1092;0;14/02/2024
BOLSAS PP VARIAS;BOLSAS PP 15X24X100;1192;2500;109,73;1900;59,4;30;40,1;20;0;1900;1550;1670;1430;1192;1550;1670;1430;1192;290000;1;10;1093;0;14/02/2024
BOLSAS PP VARIAS;BOLSAS PP 15X35X100;1460;3100;112,33;2350;60,96;30,14;40,41;20;0;2350;1900;2050;1752;1460;1900;2050;1752;1460;282000;1;10;1094;2;14/02/2024
BOLSAS CAMISETAS;BOLSAS PP 16X24X100;1224;2600;112,42;2000;63,4;29,9;40;20;0;2000;1590;1714;1469;1224;1590;1714;1469;1224;281000;1;10;281;0;14/02/2024
BANDEJAS ALUMINIO;BOLSAS PP 20x30x100;1575;3310;110,16;2520;60;30,16;39,68;20;0;2520;2050;2200;1890;1575;2050;2200;1890;1575;285000;1;10;285;0;14/02/2024
BOLSAS CAMISETAS;BOLSAS PP 25X35X100;2400;5100;112,5;3900;62,5;30;39,58;20;0;3900;3120;3350;2880;2400;3120;3350;2880;2400;283000;1;10;283;119;14/02/2024
BOLSAS CAMISETAS;BOLSAS PP 30X40X100;29;60;106,9;50;72,41;37,93;55,17;20;0;50;40;45;35;29;40;45;35;29;301000;1;10;301;111;14/02/2024
BOLSAS CAMISETAS;BOLSAS PP 40X50;25;60;140;50;100;40;60;20;0;50;35;40;30;25;35;40;30;25;303000;1;10;303;1;14/02/2024
BOLSAS CAMISETAS;BOLSAS PP 40X60 X100;60;130;116,67;100;66,67;33,33;41,67;20;0;100;80;85;72;60;80;85;72;60;294000;1;100;294;143;14/02/2024
BOLSAS CAMISETAS;BOLSAS PP 6X10X100;387;820;111,89;620;60,21;30,49;42,12;20;0;620;505;550;464;387;505;550;464;387;276000;1;10;276;1;14/02/2024
BOLSAS CAMISETAS;BOLSAS PP 6X15X100;520;1100;111,54;850;63,46;29,81;40,38;20;0;850;675;730;624;520;675;730;624;520;298000;1;10;298;0;14/02/2024
BOLSAS CAMISETAS;BOLSAS PP 8X10X100;442;920;108,14;700;58,37;30;47,06;20;0;700;575;650;530;442;575;650;530;442;277000;1;10;277;3;14/02/2024
BOLSAS CAMISETAS;BOLSAS PP 8X15X100;552;1160;110,14;900;63,04;30,43;40,4;20;0;900;720;775;662;552;720;775;662;552;278000;1;10;278;1;14/02/2024
BOLSAS PP VARIAS;BOLSAS PP 8X20X100;673;1420;111;1100;63,45;30,76;41,16;20;0;1100;880;950;808;673;880;950;808;673;302000;1;10;1072;0;14/02/2024
RESIDUOS CONSORCIOS;BOLSAS RESIDIOS  50X70 PATOJENAS  ROJAS;77;170;120,78;1250;62,34;30;42,86;20;0;125;100;110;92;77;1001;1100;924;770;289000;10;5000;1194;0;14/02/2024
BOLSAS PP VARIAS;BOLSAS RI•ON BCA 20X30;21;45;114,29;35;66,67;19,05;90,48;20;0;35;25;40;25;21;25;40;25;21;180000;1;100;1095;2950;14/02/2024
BOLSAS PP VARIAS;BOLSAS RI•ON BCAS 15X20;13;30;130,77;25;92,31;30,77;46,67;20;0;25;17;19;16;13;17;19;16;13;273000;1;20;1106;0;14/02/2024
BOLSAS CAMISETAS;BOLSAS RI•ON BCAS 25X35;25;60;140;1991;59,29;28,32;41,59;20;0;40;32;35;30;25;1604;1770;1500;1250;182000;50;100;182;2500;29/02/2024
BOLSAS PP VARIAS;BOLSAS RI•ON BCAS 30X40;32;70;118,75;50;56,25;40,63;56,25;20;0;50;45;50;38;32;45;50;38;32;183000;1;100;1096;0;14/02/2024
BOLSAS PP VARIAS;BOLSAS RI•ON BCAS 35X45;48;100;108,33;75;56,25;35,42;45,83;20;0;75;65;70;58;48;65;70;58;48;184000;1;100;1097;0;14/02/2024
BOLSAS CAMISETAS;BOLSITAS 4X25X100(JUGUITO);405;800;97,53;650;60,49;30,86;40,74;20;0;650;530;570;486;405;530;570;486;405;2058000;1;10;2058;67;14/02/2024
BOLSAS PP VARIAS;BOLSITAS AJI 10x20x100UNID( AJI);525;1000;90,48;800;52,38;30,77;41,54;20;0;800;687;743;630;525;687;743;630;525;135000;1;50;1098;-114;29/02/2024
BANDEJAS CARTÖN;BUDINERAS DE PAPEL X 280gr;69;150;117,39;5520;60;30;44,93;20;0;110;90;100;83;69;4485;5000;4140;3450;228000;50;100;1041;106;14/02/2024
BANDEJAS CARTÖN;"CAJA  ""LOVE""";180;380;111,11;2900;61,11;30,56;38,89;20;0;290;235;250;216;180;2350;2500;2160;1800;0;10;10;1013;0;14/02/2024
CAJAS PIZZA - PORTA PANCHO - CONO;CAJA 1/2 METRO MICRO(25X55X5);252;540;114,29;20000;58,73;28,57;38,89;19,64;0;400;324;350;301;252;16200;17500;15075;12600;97000;50;500;1125;298;14/02/2024
CAJAS PIZZA - PORTA PANCHO - CONO;CAJA 1/2 PIZZA ECO (33x17X4cm);47;100;112,77;7520;60;27,66;38,3;20;0;75;60;65;56;47;6000;6500;5640;4700;91000;100;1000;1126;294;14/02/2024
CAJAS PIZZA - PORTA PANCHO - CONO;CAJA 1/2PIZZA MICRO;112;240;114,29;8736;56;29,5;41,07;20;0;175;145;158;134;112;7252;7900;6720;5600;98000;50;500;1127;4164;14/02/2024
BANDEJAS CARTÖN;CAJA BOMBONES CHICA BLANCA;90;190;111,11;1500;66,67;33,33;38,89;20;0;150;120;125;108;90;1200;1250;1080;900;0;10;10;1014;0;14/02/2024
CAJAS PIZZA - PORTA PANCHO - CONO;04/01/2001;295;700;137,29;470;59,32;28,81;38,98;20;0;470;380;410;354;295;380;410;354;295;2065000;1;100;2065;0;14/02/2024
BANDEJAS CARTÖN;CAJA BOMBONES GRANDE;160;340;112,5;2600;62,5;31,25;40,63;20;0;260;210;225;192;160;2100;2250;1920;1600;0;10;10;1015;0;14/02/2024
CAJAS PIZZA - PORTA PANCHO - CONO;02/01/2001;454;1000;120,26;725;59,69;30;39,87;20;0;725;590;635;545;454;590;635;545;454;2066000;1;100;2066;0;14/02/2024
CAJAS PIZZA - PORTA PANCHO - CONO;CAJA CON VISOR Y BASE MICRO 25X25X12;1895;3800;100,53;3050;60,95;29,82;39,84;20;0;3050;2460;2650;2274;1895;2460;2650;2274;1895;2068000;1;100;2068;0;14/02/2024
CAJAS PIZZA - PORTA PANCHO - CONO;CAJA COOKIES 10X10X5 COLOR;235;500;112,77;375;59,57;29,79;40,43;20;0;375;305;330;282;235;305;330;282;235;2064000;1;100;2064;0;14/02/2024
CAJAS PIZZA - PORTA PANCHO - CONO;CAJA DESAYUNO xxxxxx;1896;4000;110,97;3050;60,86;60;40;30;20;3050;3034;2654;2465;2275;3034;2654;2465;2275;2081000;1;50;2081;10;14/02/2024
BANDEJAS CARTÖN;CAJA EXPLOSIVA MARIO BROSS;550;1150;109,09;8800;60;30;40;20;0;880;715;770;660;550;7150;7700;6600;5500;307000;10;50;1042;0;14/02/2024
BANDEJAS CARTÖN;CAJA EXPLOSIVA PEACH;550;1150;109,09;8800;60;30;40;20;0;880;715;770;660;550;7150;7700;6600;5500;309000;10;50;309;3;14/02/2024
BANDEJAS CARTÖN;CAJA EXPLOSIVA TIK TOK;550;1150;109,09;8800;60;30;40;20;0;880;715;770;660;550;7150;7700;6600;5500;308000;10;50;1043;4;14/02/2024
CAJAS PIZZA - PORTA PANCHO - CONO;CAJA HAMBUR DOBLE ECO;59;125;111,86;9500,18;61,02;30,51;44,07;35,59;10;95;77;85;80;64,9;7700,09;8500,13;7999,81;6490;2083000;100;100;2083;1500;01/03/2024
CAJAS PIZZA - PORTA PANCHO - CONO;CAJA HAMBURG ( 18x18x6);125;270;116;10000;60;29,63;37,04;20;0;200;162;171;150;125;8102;8565;7500;6250;92000;50;500;1128;2195;14/02/2024
CAJAS PIZZA - PORTA PANCHO - CONO;CAJA LOMO CHICO ECO (22X16X6CM);38;80;110,53;6000;57,89;26,32;47,37;20;0;60;48;56;46;38;4800;5600;4560;3800;93000;100;5000;1129;13147;01/03/2024
CAJAS PIZZA - PORTA PANCHO - CONO;CAJA LOMO GRANDE ECO( 28X11X6 CM);70;150;114,29;11000;57,14;28,57;35,71;20;0;110;90;95;84;70;9000;9500;8400;7000;94000;100;1000;1130;13140;01/03/2024
CAJAS PIZZA - PORTA PANCHO - CONO;CAJA LOMO MICRO GRANDE;162;340;109,88;13050;61,11;30,56;38,89;20;0;261;212;225;194;162;10575;11250;9720;8100;95000;50;1000;1131;1800;14/02/2024
CAJAS PIZZA - PORTA PANCHO - CONO;CAJA NAVIDE•A;653;1400;114,4;1050;60,8;28,64;37,83;20;0;1050;840;900;784;653;840;900;784;653;226000;1;50;1132;0;14/02/2024
CAJAS PIZZA - PORTA PANCHO - CONO;CAJA PIZZA CHICA MICRO;162;350;116,05;13000;60,49;30;35,8;20;0;260;211;220;194;162;10530;11000;9720;8100;99000;50;100;1133;425;14/02/2024
CAJAS PIZZA - PORTA PANCHO - CONO;CAJA PIZZA ECO (33X33X4);69;150;117,39;11040;60;30;37,68;20;0;110;90;95;83;69;8970;9500;8280;6900;90000;100;1000;1134;3954;14/02/2024
CAJAS PIZZA - PORTA PANCHO - CONO;CAJA TAZA CORAZONES 12X12X12;405;800;97,53;650;60,49;29,63;40;20;0;650;525;567;486;405;525;567;486;405;2067000;1;100;2067;0;14/02/2024
TOALLAS HIGIENICOS PAPEL INDUST;CAJA TOALLA MANO INTER x2500 Bca.;11465;25000;118,05;18400;60,49;29,96;40,43;20;0;18400;14900;16100;13758;11465;14900;16100;13758;11465;16000;1;50;2013;37;20/02/2024
CAJAS PIZZA - PORTA PANCHO - CONO;CAJA TORT CHICA CON VISOR;240;600;150;390;62,5;29,17;45,83;20;0;390;310;350;288;240;310;350;288;240;0;1;10;2080;0;14/02/2024
CAJAS PIZZA - PORTA PANCHO - CONO;CAJAS HAMBURG (15X15X6) CHIC.xxxx;50;105;110;4000;60;30;40;20;0;80;65;70;60;50;3250;3500;3000;2500;100000;50;1000;1135;0;14/02/2024
CAJAS PIZZA - PORTA PANCHO - CONO;CAJAS PIZZA MICRO (33X33X5);158;330;108,86;12500;58,23;30,68;39,24;20;0;250;206;220;190;158;10324;11000;9480;7900;96000;50;5000;1136;5809;20/02/2024
GUANTES;CINTA ANCHA X 100 MTS;1600;3400;112,5;2600;62,5;30;40,63;20;0;2600;2080;2250;1920;1600;2080;2250;1920;1600;161000;1;50;1154;54;14/02/2024
CINTAS DE EMBALAR;CINTA ANCHA X 50 MTS;899;1800;100,22;1500;66,85;31,26;39,04;30;20;1500;1180;1250;1169;1079;1180;1250;1169;1079;103000;1;50;1139;65;14/02/2024
CINTAS DE EMBALAR;CINTA PAPEL;350;750;114,29;560;60;30;40;20;0;560;455;490;420;350;455;490;420;350;253000;1;100;1018;0;14/02/2024
CAJAS PIZZA - PORTA PANCHO - CONO;CONO GRANDE CARTON x100;660;1400;112,12;1100;66,67;29,55;39,39;20;0;1100;855;920;792;660;855;920;792;660;101000;1;20;1137;3;14/02/2024
BANDEJAS CARTÖN;###############################################################################################################################################################################################################################################################;400;840;110;640;60;30;40;20;0;640;520;560;480;400;520;560;480;400;163000;1;100;1044;9;14/02/2024
PLATOS POTES CUBIERTOS;CUCHARA SOPERA BCA REF X UNID.;21;45;114,29;1750;66,67;28,57;42,86;14,29;0;35;27;30;24;21;1350;1500;1200;1050;115000;50;100;1171;5600;14/02/2024
PLATOS POTES CUBIERTOS;CUCHARITAS SUNDAE BCA REF X UNID.;10;30;200;1000;100;30;40;20;0;20;13;14;12;10;650;700;600;500;116000;50;10000;1172;7700;13/02/2024
PLATOS POTES CUBIERTOS;CUCHILLOS BCO REF X UNID.;17;40;135,29;1500;76,47;30;40;20;0;30;22;24;20;17;1105;1190;1020;850;114000;50;5000;1173;13739;13/02/2024
PLATOS POTES CUBIERTOS;DIPS POTES 55 c.c C/TAPA NATURAL;66;180;172,73;10500;59,09;60;43,94;20;0;105;106;95;79;66;10560;9500;7920;6600;105000;100;100;1174;2900;02/03/2024
TOALLAS HIGIENICOS PAPEL INDUST;DISPENSER DE PARED P/ 5KG;32953;69000;109,39;52700;59,92;30;40,05;20;0;52700;42839;46151;39544;32953;42839;46151;39544;32953;257000;1;10;2014;7;14/02/2024
TOALLAS HIGIENICOS PAPEL INDUST;DISPENSER JABON LIQUIDO TECLA AZUL;5880;12000;104,08;9400;59,86;30,1;40,31;20;0;9400;7650;8250;7056;5880;7650;8250;7056;5880;261000;1;10;2015;10;14/02/2024
TOALLAS HIGIENICOS PAPEL INDUST;DISPENSER P/ TOALLA INTERCALADAS;6100;12000;96,72;9750;59,84;30,33;40,16;20;0;9750;7950;8550;7320;6100;7950;8550;7320;6100;260000;1;10;2016;7;14/02/2024
TOALLAS HIGIENICOS PAPEL INDUST;DISPENSER P/PAPEL HIG. X 500 MTS;24332;50000;105,49;38800;59,46;29,87;39,94;20;0;38800;31600;34050;29198;24332;31600;34050;29198;24332;262000;1;10;2017;4;14/02/2024
TOALLAS HIGIENICOS PAPEL INDUST;DISPENSER P/TOALLA BOBINA BCO;8514;16000;87,93;13600;59,74;30,02;40;20;0;13600;11070;11920;10217;8514;11070;11920;10217;8514;258000;1;10;2018;27;14/02/2024
TOALLAS HIGIENICOS PAPEL INDUST;DISPENSER PAPEL HIG P/300MTS;10020;21000;109,58;16100;60,68;29,94;40,02;20;0;16100;13020;14030;12024;10020;13020;14030;12024;10020;259000;1;10;2019;27;14/02/2024
PLATOS POTES CUBIERTOS;ENSALADERA CRISTAL X 1.100 C.C C/TAPA;175;350;100;15000;71,43;28,57;60;20;0;300;225;280;210;175;11250;14000;10500;8750;121000;50;500;1175;586;20/02/2024
PLATOS POTES CUBIERTOS;ESCARBADIENTES ENSOBRADOS X 500 UNID.;1150;2000;73,91;1783;55;30;40;20;0;1783;1495;1610;1380;1150;1495;1610;1380;1150;120000;1;100;1176;0;13/02/2024
PLATOS POTES CUBIERTOS;ESCARBADIENTES SUELTOS X 3500 UNID.;21560;42000;94,81;40000;85,53;30,33;40,07;20;0;40000;28100;30200;25872;21560;28100;30200;25872;21560;119000;1;20;1177;-2;13/02/2024
GUANTES;ESCARBADIENTES X100U;500;1000;100;800;60;30;50;20;0;800;650;750;600;500;650;750;600;500;2082000;1;100;2082;0;14/02/2024
GUANTES;ESCARBADIENTES X200U;800;1700;112,5;1300;62,5;31,25;40;20;0;1300;1050;1120;960;800;1050;1120;960;800;251000;1;100;1019;24;14/02/2024
PLATOS POTES CUBIERTOS;###############################################################################################################################################################################################################################################################;500;1100;120;1000;100;30;40;20;0;1000;650;700;600;500;650;700;600;500;267000;1;20;1178;0;13/02/2024
FILM ALUMINIO FOLEX;FILM  FAMILIAR 30X30MTS;380;1000;163,16;650;71,05;31,58;44,74;20;0;650;500;550;456;380;500;550;456;380;58000;1;50;1142;353;22/02/2024
FILM ALUMINIO FOLEX;FILM 38X1000 MTS;10920;22500;106,04;17500;60,26;29,12;41,94;20;0;17500;14100;15500;13104;10920;14100;15500;13104;10920;60000;1;50;1143;155;22/02/2024
FILM ALUMINIO FOLEX;FILM 38X300 MTS;2290;4800;109,61;3700;61,57;39,74;52,84;20;0;3700;3200;3500;2748;2290;3200;3500;2748;2290;59000;1;100;1144;5;16/02/2024
FILM ALUMINIO FOLEX;FILM 38x400 Mts;6200;12000;93,55;10000;61,29;29,03;38,71;20;0;10000;8000;8600;7440;6200;8000;8600;7440;6200;264000;1;50;1145;12;14/02/2024
FILM ALUMINIO FOLEX;FILM 45X1000 MTS;16652;34999;110,18;26650;60,04;30,01;39,92;20;0;26650;21649;23299;19982;16652;21649;23299;19982;16652;61000;1;50;1146;0;14/02/2024
FILM ALUMINIO FOLEX;FILM STRICH X 10 CM (X 500 GR);1455;3200;119,93;2400;64,95;29,9;40,89;20;0;2400;1890;2050;1746;1455;1890;2050;1746;1455;249000;1;100;1147;78;14/02/2024
FILM ALUMINIO FOLEX;FILM STRICH X 50 CM S/MANGO (4.500KG);11546;24000;107,86;18500;60,23;29,92;40,31;20;0;18500;15001;16200;13855;11546;15001;16200;13855;11546;248000;1;100;1148;107;14/02/2024
FILM ALUMINIO FOLEX;FOLEX 20X25 ROLLO X 750gr.;2135;4700;120,14;3450;61,59;30;40,52;20;0;3450;2776;3000;2562;2135;2776;3000;2562;2135;229000;1;50;1149;0;14/02/2024
FILM ALUMINIO FOLEX;FOLEX 20X25 X 1KG (PLANCHA);3377;6800;101,36;5500;62,87;30;39,18;20;0;5500;4390;4700;4052;3377;4390;4700;4052;3377;52000;1;100;1150;479;14/02/2024
FILM ALUMINIO FOLEX;FOLEX 25X35 X 1KG;2500;5752;130,06;4000;60;30;40,3;20;0;4000;3250;3508;3000;2500;3250;3508;3000;2500;53000;1;20;53;0;14/02/2024
VASOS;FRAPERA;875;2000;128,57;1400;60;30,29;42,86;20;0;1400;1140;1250;1050;875;1140;1250;1050;875;212000;1;10;2032;3;14/02/2024
BOLSAS PP VARIAS;###############################################################################################################################################################################################################################################################;500;1100;120;800;60;30;40;20;0;800;650;700;600;500;650;700;600;500;284000;1;100;1073;0;14/02/2024
GUANTES;GUANTES LATEX;7000;14500;107,14;11200;60;30;40;20;0;11200;9100;9800;8400;7000;9100;9800;8400;7000;63000;1;20;1155;44;14/02/2024
GUANTES;GUANTES MANOPLAS X100;500;1200;140;800;60;30;40;20;0;800;650;700;600;500;650;700;600;500;65000;1;50;65;49;14/02/2024
GUANTES;GUANTES NITRILO;10000;20000;100;16000;60;30;40;20;0;16000;13000;14000;12000;10000;13000;14000;12000;10000;64000;1;10;1157;32;14/02/2024
CAJAS PIZZA - PORTA PANCHO - CONO;HILO ALGODON X 300 GR.;920;1900;106,52;1500;63,04;30;39,13;20;0;1500;1196;1280;1104;920;1196;1280;1104;920;62000;1;50;1151;95;14/02/2024
CINTAS DE EMBALAR;HILO CHORIZERO 300GR;1500;3200;113,33;2400;60;30;40;20;0;2400;1950;2100;1800;1500;1950;2100;1800;1500;2056000;1;100;2056;6;14/02/2024
PAPELES;KG. PERIODICO BLANCO;1200;2300;91,67;1950;62,5;30;40;20;0;1950;1560;1680;1440;1200;1560;1680;1440;1200;27000;1;100;1162;0;14/02/2024
PAPELES;MANTELES INDIVIDUALESX200;2276;4900;115,29;3700;62,57;30,05;40,6;20;0;3700;2960;3200;2731;2276;2960;3200;2731;2276;132000;1;100;1107;12;14/02/2024
PAPELES;MOLDE PAN DULCE 1KG;71;150;111,27;6000;69,01;26,76;40,85;20;0;120;90;100;85;71;4500;5000;4260;3550;245000;50;500;1117;215;14/02/2024
PAPELES;MOLDE PAN DULCE 500GR.;62;140;125,81;5000;61,29;29,03;45,16;20;0;100;80;90;74;62;4000;4500;3720;3100;243000;50;100;1118;60;14/02/2024
PAPELES;MOLDES PAN DULCE 250GR.;54;120;122,22;4500;66,67;30;38,89;20;0;90;70;75;65;54;3510;3750;3240;2700;242000;50;100;1119;92;14/02/2024
BANDEJAS TERGOPOL;###############################################################################################################################################################################################################################################################;75;160;113,33;12000;60;33,33;40;20;0;120;100;105;90;75;10000;10500;9000;7500;86000;100;100;1062;0;14/02/2024
BANDEJAS TERGOPOL;###############################################################################################################################################################################################################################################################;51;110;115,69;9000;76,47;27,45;37,25;20;0;90;65;70;61;51;6500;7000;6120;5100;87000;100;100;87;0;14/02/2024
BANDEJAS TERGOPOL;###############################################################################################################################################################################################################################################################;22;45;104,55;3520;60;36,36;59,09;20;0;35;30;35;26;22;3000;3500;2640;2200;88000;100;100;1063;0;14/02/2024
GUANTES;PALITOS BROCHETT;550;1200;118,18;900;63,64;60;45,45;20;0;900;880;800;660;550;880;800;660;550;136000;1;100;1156;156;25/02/2024
CINTAS DE EMBALAR;PALITOS HELADOS X 50UNID.;252;550;118,25;400;58,73;30,95;38,89;20;0;400;330;350;302;252;330;350;302;252;2060000;1;50;2060;14;14/02/2024
PAPELES;PAPEL GRIS X 1KG;1200;2400;100;2000;66,67;30,68;41,67;20;0;2000;1568;1700;1440;1200;1568;1700;1440;1200;26000;1;50;1163;339;02/03/2024
TOALLAS HIGIENICOS PAPEL INDUST;PAPEL HIG ECO BCO  INTERMEDIO x 300 MTS;635;1400;120,47;8000;57,48;30,71;41,73;20;0;1000;830;900;762;635;6640;7200;6096;5080;213000;8;1000;2020;1840;20/02/2024
TOALLAS HIGIENICOS PAPEL INDUST;PAPEL HIG FAMILIAR BCO X30MTSX30UNID;11135;23000;106,56;17800;59,86;30;40,1;20;0;17800;14476;15600;13362;11135;14476;15600;13362;11135;287000;1;10;2021;3;14/02/2024
TOALLAS HIGIENICOS PAPEL INDUST;PAPEL HIG FAMILIAR X 4 UNID X 30MTS;85;180;111,76;560;64,71;29,41;41,18;20;17,65;140;110;120;102;100;440;480;408;400;293000;4;100;2022;0;14/02/2024
TOALLAS HIGIENICOS PAPEL INDUST;PAPEL HIG X 300 MTS PREMIUN. KING PACK Tissue;1288;2800;117,39;16800;63,04;30,05;40;20;0;2100;1675;1803;1546;1288;13400;14426;12365;10304;18000;8;500;2023;1185;20/02/2024
TOALLAS HIGIENICOS PAPEL INDUST;PAPEL HIG. INTERMEDIO X 60 MTS X 30UNID.;4429;9500;114,5;7100;60,31;30,05;39,99;20;0;7100;5760;6200;5315;4429;5760;6200;5315;4429;231000;1;10;2024;0;14/02/2024
TOALLAS HIGIENICOS PAPEL INDUST;PAPEL HIG. INTERMEDIO X 80 MTS X 30UNID-;2790;6150;120,43;4450;59,5;29,93;39,78;20;0;4450;3625;3900;3348;2790;3625;3900;3348;2790;232000;1;10;2025;0;14/02/2024
TOALLAS HIGIENICOS PAPEL INDUST;PAPEL HIG. X 500 MTS BCO PREMIUN;3535;7800;120,65;22600;59,83;30,13;40,03;19,94;0;5650;4600;4950;4240;3535;18400;19800;16960;14140;21000;4;50;2026;67;14/02/2024
TOALLAS HIGIENICOS PAPEL INDUST;PAPEL HIGIENICO TUB ANCHO PREMIUN X 300MTS;654;1400;114,07;8400;60,55;30;40,67;20;0;1050;850;920;785;654;6802;7360;6278;5232;274000;8;150;2027;0;14/02/2024
FILM ALUMINIO FOLEX;PAPEL MANTECA FAMILIAR;1231;2500;103,09;2000;62,47;30;40;20;0;2000;1600;1723;1477;1231;1600;1723;1477;1231;54000;1;100;1152;330;14/02/2024
FILM ALUMINIO FOLEX;PAPEL MANTECA X 1 KG;9930;21000;111,48;16000;61,13;29,91;39,98;20;0;16000;12900;13900;11916;9930;12900;13900;11916;9930;55000;1;50;1153;-1;14/02/2024
PAPELES;PAPEL PARAFINADO C/MOTIVOS P/HAMBURGUESA X 1KG;11389;24000;110,73;18300;60,68;29,95;40;20;0;18300;14800;15945;13667;11389;14800;15945;13667;11389;300000;1;10;1164;234;14/02/2024
SERVILLETAS;PAQ SERVILLETA 33X33 X 50 UN;300;700;133,33;500;66,67;30;40;20;0;500;390;420;360;300;390;420;360;300;197000;1;20;1197;2;14/02/2024
SERVILLETAS;PAQ SERVILLETAS 18X17 X 50 UNID;300;700;133,33;500;66,67;50;40;20;0;500;450;420;360;300;450;420;360;300;198000;1;20;1198;2;14/02/2024
TOALLAS HIGIENICOS PAPEL INDUST;PAQUETE TOALLA INTER X 250 UNID.;800;2000;150;1300;62,5;30;40;20;0;1300;1040;1120;960;800;1040;1120;960;800;275000;1;100;2028;0;14/02/2024
SORBETES;PARAGUA - FRUTA X100 UNID.;1500;3300;120;2400;60;30;40;20;0;2400;1950;2100;1800;1500;1950;2100;1800;1500;31000;1;100;2006;0;14/02/2024
PLATOS POTES CUBIERTOS;PINCHES ESPADITASX1000UNID;2900;6000;106,9;5500;89,66;30;40;20;0;5500;3770;4060;3480;2900;3770;4060;3480;2900;155000;1;10;1179;3;13/02/2024
PAPELES;PIROTINES Nß10 x25 UNID.;250;600;140;400;60;30;40;20;0;400;325;350;300;250;325;350;300;250;166000;1;100;1165;0;14/02/2024
PAPELES;PIROTINES Nß2 X 25 UNID.;145;350;141,38;250;72,41;31,03;51,72;20;0;250;190;220;174;145;190;220;174;145;209000;1;100;1166;0;14/02/2024
PAPELES;PIROTINES Nß5 X 25 UNID.;148;350;136,49;250;68,92;28,38;41,89;20;0;250;190;210;178;148;190;210;178;148;210000;1;100;1167;0;14/02/2024
PAPELES;PIROTINES Nß7 X 25 UNID.;215;450;109,3;350;62,79;30;39,53;20;0;350;280;300;258;215;280;300;258;215;211000;1;100;1168;0;14/02/2024
BANDEJAS CARTÖN;01/04/2001;200;420;110;3200;60;30;40;20;0;320;260;280;240;200;2600;2800;2400;2000;203000;10;100;1045;2;14/02/2024
BANDEJAS CARTÖN;01/05/2001;270;570;111,11;4400;62,96;29,63;40,74;20;0;440;350;380;324;270;3500;3800;3240;2700;204000;10;100;1046;1;14/02/2024
BANDEJAS CARTÖN;01/06/2001;316;670;112,03;5100;61,39;29,75;40;20;0;510;410;442;379;316;4100;4424;3792;3160;205000;10;100;205;2;14/02/2024
PLATOS POTES CUBIERTOS;PLATOS X 17 CM x 50 UNID.;2000;4200;110;3900;95;30;40;20;0;3900;2600;2800;2400;2000;2600;2800;2400;2000;138000;1;50;1020;18;13/02/2024
VASOS;PLATOS X 22 CM x 50 UNID.;3000;6300;110;4800;60;30;40;20;0;4800;3900;4200;3600;3000;3900;4200;3600;3000;137000;1;50;2033;50;14/02/2024
BANDEJAS CARTÖN;PORTA PANCHOS x 100UNID.;466;980;110,3;750;60,94;29,83;39,48;20;0;750;605;650;559;466;605;650;559;466;154000;1;100;1047;47;14/02/2024
PLATOS POTES CUBIERTOS;POTE ADEREZO;530;1100;107,55;850;60,38;32,08;39,62;20;0;850;700;740;636;530;700;740;636;530;192000;1;10;1021;14;14/02/2024
PLATOS POTES CUBIERTOS;POTES 1/2 BISAGRA;75;160;113,33;12000;60;26,67;40;20;0;120;95;105;90;75;9500;10500;9000;7500;110000;100;1000;1180;870;14/02/2024
PLATOS POTES CUBIERTOS;POTES 1/4 BISAGRA;66;140;112,12;10500;59,09;28,79;51,52;20;0;105;85;100;79;66;8500;10000;7920;6600;112000;100;100;1181;307;14/02/2024
PLATOS POTES CUBIERTOS;POTES 3/8 BISAGRA;62;130;109,68;10000;61,29;29,03;45,16;20;0;100;80;90;74;62;8000;9000;7440;6200;111000;100;100;1182;0;14/02/2024
PLATOS POTES CUBIERTOS;POTES PLAST. X 1/2 C/TAPA NAT.;91;190;108,79;15000;64,84;28,57;42,86;20;0;150;117;130;109;91;11700;13000;10920;9100;108000;100;1000;1185;3522;02/03/2024
PLATOS POTES CUBIERTOS;POTES PLAST. X 1/4 C/TAPA NAT.;66;160;142,42;11000;66,67;32;51,52;20;0;110;87;100;79;66;8712;10000;7920;6600;107000;100;1000;1186;6157;02/03/2024
PLATOS POTES CUBIERTOS;POTES PLAST. X 1/8 C/TAPA NAT.;60;150;150;10000;66,67;33,33;50;20;0;100;80;90;72;60;8000;9000;7200;6000;106000;100;1000;1187;3163;02/03/2024
PLATOS POTES CUBIERTOS;POTES PLASTICOS X 1KG C/TAPA NAT.;295;650;120,34;48000;62,71;30,51;40,68;20;0;480;385;415;354;295;38500;41501;35400;29500;109000;100;1000;1188;56;14/02/2024
BOLSAS PAPEL PANADERËA;PRECINTOS X 100GR;500;1050;110;800;60;30;40;20;0;800;650;700;600;500;650;700;600;500;2083000;1;50;299;3;14/02/2024
RESIDUOS CONSORCIOS;RESIDUOS 45X60X30 UNID.;620;1300;109,68;1000;61,29;29,03;45,16;20;0;1000;800;900;744;620;800;900;744;620;46000;1;100;1195;714;17/02/2024
RESIDUOS CONSORCIOS;RESIDUOS 50X70 REF X 10 UNID.;380;900;136,84;650;71,05;31,58;44,74;20;0;650;500;550;456;380;500;550;456;380;47000;1;500;1196;5547;16/02/2024
TOALLAS HIGIENICOS PAPEL INDUST;ROLLO SERVILLETAS X 200 PA•OS;770;1600;107,79;1280;66,23;30,3;40,91;20;0;1280;1003;1085;924;770;1003;1085;924;770;286000;1;50;2029;224;22/02/2024
SERVILLETAS;SERV. 33X33 ELEGANTESXXXXX;8850;18585;110;14150;59,89;29,94;40,11;20;0;14150;11500;12400;10620;8850;11500;12400;10620;8850;22000;1;50;1199;0;14/02/2024
SERVILLETAS;SERVI EXPRES 14X14;9000;18900;110;14500;61,11;30;40;20;0;14500;11700;12600;10800;9000;11700;12600;10800;9000;24000;1;50;2001;3;14/02/2024
SERVILLETAS;SERVILLETAS 18X17X2000;3784;8500;124,63;6050;59,88;30,02;41,38;20;0;6050;4920;5350;4541;3784;4920;5350;4541;3784;25000;1;200;2002;181;14/02/2024
SERVILLETAS;SERVILLETAS 30X30 BCAS;4238;9300;119,44;6800;60,45;29,78;40,4;20;0;6800;5500;5950;5086;4238;5500;5950;5086;4238;23000;1;200;2003;252;20/02/2024
SERVILLETAS;SERVILLETAS 33X27 X 800UNID. PREMIUN;6200;13800;122,58;9950;60,48;30,02;40,1;20;0;9950;8061;8686;7440;6200;8061;8686;7440;6200;311000;1;200;2004;59;20/02/2024
SORBETES;SORBETES  CON FUNDA X100UNID.;400;1000;150;650;62,5;30;40;20;0;650;520;560;480;400;520;560;480;400;185000;1;10;2007;0;14/02/2024
SORBETES;SORBETES BCOS X 1000 C/ FUNDA;3485;7600;118,08;5600;60,69;60;40;30;20;5600;5576;4879;4531;4182;5576;4879;4531;4182;29000;1;10;2008;4;01/03/2024
SORBETES;SORBETES COLOR FLUOR X500UNID;2830;6300;122,61;4550;60,78;30,04;41,34;20;0;4550;3680;4000;3396;2830;3680;4000;3396;2830;225000;1;20;2009;-2;14/02/2024
SORBETES;###############################################################################################################################################################################################################################################################;2612;5800;122,05;4200;60,8;30;41,65;20;0;4200;3396;3700;3134;2612;3396;3700;3134;2612;30000;1;10;2010;110;14/02/2024
SORBETES;###############################################################################################################################################################################################################################################################;500;1100;120;800;60;30;40;20;0;800;650;700;600;500;650;700;600;500;266000;1;20;2011;0;14/02/2024
TERGOPOL;TAPA VASOS TERMICOS X 120 C.C;24;60;150;4000;66,67;30;45,83;20;0;40;31;35;29;24;3120;3500;2880;2400;175000;100;100;2034;705;14/02/2024
TERGOPOL;TAPA VASOS TERMICOS X 180 C.C;29;70;141,38;5000;72,41;30;40;20;0;50;38;41;35;29;3770;4060;3480;2900;173000;100;100;2035;370;14/02/2024
BANDEJAS C/TAPAS MICRO;TAPAS 107 PP COTNYL;142;300;111,27;23000;61,97;30;40,85;20;0;230;185;200;170;142;18460;20001;17040;14200;74000;100;1000;1027;0;14/02/2024
BANDEJAS C/TAPAS MICRO;TAPAS BANDEJAS 102 PP COTNYL;48;120;150;8000;66,67;35,42;45,83;20;0;80;65;70;58;48;6500;7000;5760;4800;71000;100;100;1028;0;14/02/2024
BANDEJAS C/TAPAS MICRO;TAPAS BANDEJAS 103 PP COTNYL;62;130;110;10000;61,29;29,03;40;20;0;100;80;87;74;62;8000;8680;7440;6200;72000;100;100;72;300;14/02/2024
BANDEJAS C/TAPAS MICRO;TAPAS BANDEJAS 105 PP COTNYL;107;225;110;17000;58,88;30,84;40;20;0;170;140;150;128;107;14000;14980;12840;10700;291000;100;100;1022;3;14/02/2024
TERGOPOL;TAPAS VASOS TERMICOS X 240 C.C;31;70;125,81;4960;60;30;45,16;20;0;50;40;45;37;31;4030;4500;3720;3100;160000;100;100;2036;660;14/02/2024
TERGOPOL;TAPAS VASOS TERMICOS X 300C.C;45;100;122,22;7000;55,56;28,89;44,44;20;0;70;58;65;54;45;5800;6500;5400;4500;177000;100;100;2037;120;14/02/2024
PLATOS POTES CUBIERTOS;TENEDORES BCO REF X UNID.;17;40;135,29;1500;76,47;30;40;20;0;30;22;24;20;17;1105;1190;1020;850;113000;50;5000;1189;6639;13/02/2024
PAPELES;TOALLA BOB. KING PACK X300MTS PREMIUN;4708;10200;116,65;15600;65,68;30;40,19;20;0;7800;6120;6600;5650;4708;12241;13200;11299;9416;152000;2;50;1169;153;22/02/2024
TOALLAS HIGIENICOS PAPEL INDUST;TOALLA BOBINAS X 200 MTS Bca.;2000;4400;120;12800;60;30;40;20;0;3200;2600;2800;2400;2000;10400;11200;9600;8000;17000;4;50;2030;0;14/02/2024
TOALLAS HIGIENICOS PAPEL INDUST;TOALLA INTERCALADA X 1800BCA PREMIUN;7865;17000;116,15;12600;60,2;30,07;39,86;20;0;12600;10230;11000;9438;7865;10230;11000;9438;7865;186000;1;50;2031;4;20/02/2024
BANDEJAS DPM;TORTERA PET T26 ALTA BASE -TAPA;515;1080;109,71;8250;60,19;30;39,81;20;0;825;670;720;618;515;6695;7200;6180;5150;237000;10;10;1120;0;14/02/2024
BANDEJAS DPM;TORTERA PET T26 BAJA BASE -TAPA;701;1480;111,13;11200;59,77;29,81;39,8;20;0;1120;910;980;841;701;9100;9800;8412;7010;241000;10;50;1121;0;14/02/2024
BANDEJAS DPM;TORTERA PET T28 BAJA BASE -TAPA;1520;3200;110,53;24300;59,87;29,93;39,8;20;0;2430;1975;2125;1824;1520;19749;21250;18240;15200;234000;10;10;1122;0;14/02/2024
BANDEJAS DPM;TORTERA PET T32 ALTA BASE -TAPA;1150;2420;110,43;18500;60,87;30,43;40;20;0;1850;1500;1610;1380;1150;14999;16100;13800;11500;235000;10;19;1123;0;14/02/2024
BANDEJAS DPM;TORTERA PET T32 BAJA BASE -TAPA;936;1970;110,47;15000;60,26;30,34;40;20;0;1500;1220;1310;1123;936;12200;13104;11232;9360;236000;10;10;1124;0;14/02/2024
GUANTES;TRAPO DE PISOxxxxx;170;357;110;300;76,47;30;40;20;0;300;221;238;204;170;221;238;204;170;179000;1;100;1158;0;14/02/2024
BANDEJAS CARTÖN;TRIPODES X 1KG;600;1260;110;960;60;30;40;20;0;960;780;840;720;600;780;840;720;600;164000;1;10;1048;6;21/02/2024
VASOS;VASO TRAGO LARGO COLOR;120;250;108,33;1900;58,33;29,17;41,67;20;0;190;155;170;144;120;1550;1700;1440;1200;196000;10;100;2038;324;14/02/2024
VASOS;VASOS DEGUSTACION ACRILICOXXXXX;60;132;120;95;58,33;30;40;20;0;95;78;84;72;60;78;84;72;60;272000;1;100;2039;0;14/02/2024
VASOS;VASOS MILANO 370 C.C C/TAPA;150;320;113,33;12000;60;33,33;40;30;0;240;200;210;195;150;10000;10500;9750;7500;1000;50;500;2040;0;14/02/2024
VASOS;VASOS OCTOGONAL 200C.CXXXX;40;90;125;3250;62,5;30;40;20;0;65;52;56;48;40;2600;2800;2400;2000;246000;50;100;2041;0;14/02/2024
VASOS;VASOS PLASTICOS x 1 LTS;125;300;140;20000;60;28;36;20;0;200;160;170;150;125;16000;17000;15000;12500;8000;100;5000;2042;11;20/02/2024
VASOS;VASOS PLASTICOS x 110c.c;40;90;125;6500;62,5;37,5;50;20;0;65;55;60;48;40;5500;6000;4800;4000;2000;100;1000;2043;581;14/02/2024
VASOS;VASOS PLASTICOS X 180 c.c;35;75;114,29;5500;57,14;28,57;42,86;20;0;55;45;50;42;35;4500;5000;4200;3500;224000;100;1000;2044;100;14/02/2024
VASOS;VASOS PLASTICOS x 220c.c;23;50;117,39;3500;52,17;30;52,17;20;0;35;30;35;28;23;2990;3500;2760;2300;4000;100;5000;2045;11390;14/02/2024
VASOS;VASOS PLASTICOS x 330c.c;32;70;118,75;5000;56,25;25;40;20;0;50;40;45;38;32;4000;4480;3840;3200;5000;100;1000;2046;2288;14/02/2024
VASOS;VASOS PLASTICOS x 500c.c;69;150;117,39;11040;60;30;37,68;18,84;0;110;90;95;82;69;8970;9500;8200;6900;6000;100;5000;2047;48660;26/02/2024
VASOS;VASOS PLASTICOS X 70 c.c;41;90;119,51;6500;58,54;34,15;46,34;20;0;65;55;60;49;41;5500;6000;4920;4100;221000;100;1000;2048;0;20/02/2024
VASOS;VASOS PLASTICOS x 800c.c;82;200;143,9;13000;58,54;28,05;40;19,51;0;130;105;115;98;82;10500;11480;9800;8200;7000;100;10000;2049;24070;14/02/2024
TERGOPOL;VASOS TERMICOS X 120 C.C;54;120;122,22;8500;57,41;30;48,15;20;0;85;70;80;65;54;7020;8000;6480;5400;174000;100;1000;2050;1925;14/02/2024
TERGOPOL;VASOS TERMICOS X 180 C.C;65;140;115,38;11000;69,23;30;46,15;20;0;110;85;95;78;65;8450;9500;7800;6500;172000;100;5000;2051;3280;14/02/2024
TERGOPOL;VASOS TERMICOS X 240 C.C;75;160;113,33;12000;60;33,33;46,67;20;0;120;100;110;90;75;10000;11000;9000;7500;171000;100;100;2052;5375;14/02/2024
TERGOPOL;VASOS TERMICOS X 300 C.C;99;220;122,22;16000;61,62;31,31;41,41;20;0;160;130;140;119;99;13000;14000;11880;9900;176000;100;2000;2053;3950;14/02/2024
VASOS;VASOS TRAGO LARGO LUNARES;60;140;133,33;950;58,33;30;41,67;20;0;95;78;85;72;60;780;850;720;600;178000;10;100;2054;0;14/02/2024
VASOS;VASOS X 800 C.C DUROS COLOR;322;700;117,39;5200;61,49;30,43;39,75;20;0;520;420;450;386;322;4200;4500;3864;3220;314000;10;100;2055;204;14/02/2024
CINTAS DE EMBALAR;VELAS CUMPLEA•OS X24;120;260;116,67;200;66,67;29,17;41,67;20;0;200;155;170;144;120;155;170;144;120;193000;1;20;1024;0;14/02/2024
CINTAS DE EMBALAR;VELAS X12;200;440;120;1920;60;60;40;30;20;320;320;280;260;240;1920;1680;1560;1440;190000;6;10;1025;0;14/02/2024
